jurisdiction,jurisdiction_type,facility_count,mrf_file_count
"AK","state","28","26"
"AL","state","124","123"
"AR","state","113","112"
"AS","territory","1","1"
"AZ","state","136","133"
"CA","state","478","454"
"CO","state","126","126"
"CT","state","42","41"
"DC","district","20","20"
"DE","state","16","16"
"FL","state","382","374"
"GA","state","188","184"
"GU","territory","2","2"
"HI","state","26","26"
"IA","state","129","129"
"ID","state","53","52"
"IL","state","214","212"
"IN","state","214","211"
"KS","state","155","154"
"KY","state","136","135"
"LA","state","247","238"
"MA","state","116","113"
"MD","state","107","106"
"ME","state","36","35"
"MI","state","167","166"
"MN","state","148","148"
"MO","state","159","157"
"MP","territory","1","0"
"MS","state","114","109"
"MT","state","66","65"
"NC","state","150","147"
"ND","state","53","52"
"NE","state","99","98"
"NH","state","36","36"
"NJ","state","124","119"
"NM","state","61","57"
"NV","state","69","67"
"NY","state","261","258"
"OH","state","260","253"
"OK","state","158","157"
"OR","state","64","64"
"PA","state","264","258"
"PR","territory","67","56"
"RI","state","15","15"
"SC","state","101","100"
"SD","state","64","63"
"TN","state","170","170"
"TX","state","797","791"
"UT","state","72","68"
"VA","state","136","135"
"VI","territory","2","1"
"VT","state","15","15"
"WA","state","114","113"
"WI","state","184","184"
"WV","state","64","64"
"WY","state","33","32"
